_id,Phone,name,Password
11,3042201459,John,Joh1459
12,1042237757,Jennifer,Jen7757
13,3945691689,Elisabeth,Eli1689
14,0328180349,LisaRoxanne,Lis0349
15,7623877828,Laura,Lau7828
16,6199386972,Chris,Chr6972
17,3891517599,Garon,Gar7599
18,7719092805,Shunichi,Shu2805
19,0194311988,MaryEllen,Mar1988
20,9777427449,Ben,Ben7449
21,2425553959,Lena,Len3959
22,7968132973,Kate,Kat2973
23,2476782769,Laurie,Lau2769
24,4592886331,Claudio,Cla6331
25,0056808732,Alina,Ali8732
26,3317631804,Allen & Irina,All1804
27,9781351547,Jane,Jan1547
28,0826814263,Doti,Dot4263
29,9201435233,Adam And Charity,Ada5233
30,3790267569,Sing,Sin7569
31,0339904113,Chaya,Cha4113
32,1351812301,Lisel,Lis2301
33,5227712298,Lisel,Lis2298
34,3206230967,Lisel,Lis0967
35,0037879624,Nathalie,Nat9624
36,1253717455,Gregory,Gre7455
37,7693045192,Claude & Sophie,Cla5192
38,9575642064,Tommi,Tom2064
39,4829507537,Shon,Sho7537
40,5770079223,Dana,Dan9223
41,2484395694,Ssameer Or Trip,Ssa5694
42,1222174296,Teri,Ter4296
43,9953691984,Andrea,And1984
44,8882985762,Ssameer Or Trip,Ssa5762
45,3574776369,Angela,Ang6369
46,2023191105,Laurie,Lau1105
47,9526023719,Vt,Vt3719
48,3109106388,Tyrome,Tyr6388
49,7148045325,Harriet,Har5325
50,8366973051,Ben,Ben3051
51,9105082630,Edward,Edw2630
52,2508615205,Abdul,Abd5205
53,9893385633,Yolande,Yol5633
54,0580334249,Cyn,Cyn4249
55,9793563458,Earl,Ear3458
56,7199818877,Rana,Ran8877
57,5503339368,Orestes,Ore9368
58,3280783795,Adreinne,Adr3795
59,2859957483,Jennifer,Jen7483
60,3163288804,Alexander,Ale8804
61,7267955749,JT And Tiziana,JT 5749
62,0075588842,Joya,Joy8842
63,2123172357,James,Jam2357
64,8035269541,Jeanne,Jea9541
65,2944504571,Francesca,Fra4571
66,3283582210,Joanna,Joa2210
67,1790523976,Bianca,Bia3976
68,1274612791,Luiz,Lui2791
69,9547846903,Andrea,And6903
70,1976723270,Ted,Ted3270
71,8622231198,Cristina,Cri1198
72,8297321799,Petra,Pet1799
73,6110207400,D,D7400
74,2389601720,Dimitri,Dim1720
75,1135331803,Patricia,Pat1803
76,3558332928,Mark,Mar2928
77,7541697677,Sara,Sar7677
78,8466649139,Reka,Rek9139
79,1894902852,Daniel,Dan2852
80,5832786367,Casey,Cas6367
81,9161011744,Robin,Rob1744
82,6632261590,Anna,Ann1590
83,3234279513,Enzo,Enz9513
84,9059197554,Tye And Etienne,Tye7554
85,4595298035,George,Geo8035
86,0974902445,Josh,Jos2445
87,8519836240,Victoria,Vic6240
88,4056989723,Justin,Jus9723
89,6057686055,Blaise,Bla6055
90,2387070508,DAVID And RICK,DAV0508
91,5513096738,LulÃº,Lul6738
92,7909306752,Sybilla,Syb6752
93,9144108716,JoLynn,JoL8716
94,7937241538,Gaia,Gai1538
95,3047347549,Ana,Ana7549
96,2107846581,Maggie,Mag6581
97,0991888071,Starlee,Sta8071
98,0527346091,Edward,Edw6091
99,6945112473,Pas,Pas2473
100,5378570308,LulÃº,Lul0308
101,7419576204,Augustin,Aug6204
102,5638301704,Sean & Lynette,Sea1704
103,7549890066,Erica,Eri0066
104,2821344765,Tracy,Tra4765
105,5623057403,Christiana,Chr7403
106,6054993905,Tyrome,Tyr3905
107,7965864407,Dana,Dan4407
108,6560602313,Elliott,Ell2313
109,0561145193,Olan,Ola5193
110,4573603498,Shelly,She3498
111,1914128527,Ssameer Or Trip,Ssa8527
112,0476748693,Annette,Ann8693
113,2288479934,Meka,Mek9934
114,9619421709,Ann,Ann1709
115,5332672034,Seth,Set2034
116,7375183806,Brenda,Bre3806
117,6396916131,Shelly,She6131
118,9520702945,Erik,Eri2945
119,2804744272,Dena,Den4272
120,1787273076,Jessica,Jes3076
121,0477426851,Luiz,Lui6851
122,1519312872,Erica,Eri2872
123,8072952260,Sally,Sal2260
124,9964274917,Dani,Dan4917
125,4366121670,Bruce,Bru1670
126,8220112250,Nimo,Nim2250
127,5636722925,Alexandra,Ale2925
128,2660744665,Stacy,Sta4665
129,6796490866,Bruce,Bru0866
130,6655409961,Evelyn,Eve9961
131,6942780144,Emma,Emm0144
132,1657314564,Vero,Ver4564
133,3793401747,Sylvie,Syl1747
134,2896429113,Jen,Jen9113
135,7075717524,Kay,Kay7524
136,5272476702,Jo,Jo6702
137,8854511008,Lisa,Lis1008
138,1553735069,Fernando And Lenin,Fer5069
139,6972267625,Angela,Ang7625
140,2239696714,Laurine,Lau6714
141,8738725659,Chris,Chr5659
142,8893316054,Uli,Uli6054
143,9018100645,Sol,Sol0645
144,1003704034,Cs,Cs4034
145,2644260202,Lara,Lar0202
146,9949515624,Tom,Tom5624
147,7835546632,Sunder,Sun6632
148,3499435078,Waldemar,Wal5078
149,3798036448,Khem,Khe6448
150,8563833605,Sahr,Sah3605
151,3281543924,Ali+Scott,Ali3924
152,0021541545,Elisabeth,Eli1545
153,7519572896,Sarah,Sar2896
154,8484247022,Fredah,Fre7022
155,9820762931,Khem,Khe2931
156,5557635777,Katherine,Kat5777
157,3798308795,Ming,Min8795
158,9187426739,Paula,Pau6739
159,3694116750,LulÃº,Lul6750
160,5641084625,Obed,Obe4625
161,9085038977,Karen,Kar8977
162,8563536990,Michael,Mic6990
163,7054122185,White,Whi2185
164,0218135569,Paz,Paz5569
165,1871343992,Irene,Ire3992
166,9207392317,Karene,Kar2317
167,5940104089,Viviana,Viv4089
168,6440005875,Sara,Sar5875
169,8684150837,Sarah,Sar0837
170,2138158049,Marie,Mar8049
171,4265782396,Gus,Gus2396
172,4021811172,Myung,Myu1172
173,8032203503,RenÃ©e,Ren3503
174,5141653187,Henry,Hen3187
175,2215801638,Sylvia,Syl1638
176,2681075449,Syl,Syl5449
177,9720639033,Lorenzo,Lor9033
178,3362407744,Waldemar,Wal7744
179,9756438799,Annette,Ann8799
180,4495197237,Newyorkroomwithaview,New7237
181,4200384690,Tessa,Tes4690
182,9893215177,Waundell,Wau5177
183,4841784685,Young,You4685
184,3997650643,Bruce,Bru0643
185,3801058852,Coral,Cor8852
186,8675982022,Carol,Car2022
187,6819058443,Sara,Sar8443
188,1222426114,Laurine,Lau6114
189,4723626776,Myrna,Myr6776
190,3960483440,Campbell,Cam3440
191,7809587033,Doug,Dou7033
192,5945043047,Mark,Mar3047
193,2955633923,Rahul,Rah3923
194,3823095123,Miyoung,Miy5123
195,5209546103,Monica,Mon6103
196,9365940278,Marylyn,Mar0278
197,6631188444,Kathleen R.,Kat8444
198,0250996612,Teresa,Ter6612
199,0858165569,Robert,Rob5569
200,8305053242,Alex,Ale3242
201,5447757209,Claudia,Cla7209
202,1750534125,Shane,Sha4125
203,4289595562,Laurie,Lau5562
204,7711748425,Jessica,Jes8425
205,3637209311,Erina,Eri9311
206,7282021752,Lee,Lee1752
207,2632245237,Jullett,Jul5237
208,5016520218,Marlaine,Mar0218
209,4878496972,Charlotte,Cha6972
210,5149807292,Mark,Mar7292
211,7698475698,Mark,Mar5698
212,0467135368,Mark,Mar5368
213,4533848865,Bob,Bob8865
214,8670432084,Anka,Ank2084
215,9559446141,Douglas,Dou6141
216,2510297984,Kathleen R.,Kat7984
217,4540042877,Wayne,Way2877
218,9073727735,Waundell,Wau7735
219,8534210366,Jenny,Jen0366
220,5975702062,Paul,Pau2062
221,0573057435,Tami,Tam7435
222,1870232605,Jason,Jas2605
223,7660303328,Pete,Pet3328
224,7114451655,Gus,Gus1655
225,0279316050,Sally,Sal6050
226,4726324653,Leonardo,Leo4653
227,4577852403,Alex,Ale2403
228,8531916559,Wayne,Way6559
229,0849979303,Vasili,Vas9303
230,5795851992,S.M.,S.M1992
231,0006153855,Ori,Ori3855
232,6610228533,Ana,Ana8533
233,7188119257,I,I9257
234,2258068680,R,R8680
235,8088325450,Simon,Sim5450
236,3634909713,Agnes,Agn9713
237,2584470823,Linda,Lin0823
238,6892070700,Dave,Dav0700
239,3344664736,Drica,Dri4736
240,4345991864,Mark,Mar1864
241,4037757886,Betty,Bet7886
242,9753178486,Ricardo & Ashlie,Ric8486
243,2142049969,Leslie,Les9969
244,0502772785,Harrison,Har2785
245,5656600917,Jessica,Jes0917
246,6130871664,Blanca,Bla1664
247,8616978421,Wayne,Way8421
248,9864599029,Cynthia,Cyn9029
249,5616200717,Mich,Mic0717
250,6556730645,Rachel,Rac0645
251,7229821482,Laurine,Lau1482
252,5025980036,Greta,Gre0036
253,2049920209,Frank,Fra0209
254,9403021113,Bethania,Bet1113
255,7046701104,Tunji,Tun1104
256,0129831292,Anna/Fonzy,Ann1292
257,6457216490,Colette&Sean,Col6490
258,9995859688,Brie,Bri9688
259,3518200093,Sheila,She0093
260,3814992120,Lissette,Lis2120
261,9816251270,Lissette,Lis1270
262,6533143580,Lissette,Lis3580
263,5636697631,Olivia,Oli7631
264,0387405796,Daniel,Dan5796
265,1791340629,Maya,May0629
266,5853398393,Scott,Sco8393
267,3229687032,Lissette,Lis7032
268,8048821430,Dennis & Naoko,Den1430
269,0093500513,AntonÃ­n,Ant0513
270,4477999059,Emily,Emi9059
271,8067677951,Carol Gloria,Car7951
272,6766828579,Vie,Vie8579
273,7354307243,RenÃ©e,Ren7243
274,0467516009,Olivia,Oli6009
275,6606129867,Helene,Hel9867
276,3797794830,Paula,Pau4830
277,9121391465,Kristian & Di,Kri1465
278,2351687291,David,Dav7291
279,0204386140,Niya,Niy6140
280,3431226449,Helene,Hel6449
281,4630162705,Debbie,Deb2705
282,7895156422,Anthony,Ant6422
283,4189938568,Tilly,Til8568
284,2577566395,Edward,Edw6395
285,0964119973,Claire,Cla9973
286,7906066771,Juhli,Juh6771
287,6752080726,Marlon,Mar0726
288,2002059639,Mary D,Mar9639
289,9259261113,Valerie,Val1113
290,5598685521,Larissa,Lar5521
291,8599644659,Eric,Eri4659
292,2360183439,Jessica,Jes3439
293,8895918528,Melissa,Mel8528
294,6641521948,Alex,Ale1948
295,0910709873,Samir,Sam9873
296,0074250035,Tony,Ton0035
297,5465230371,Luis Fernando,Lui0371
298,0314507030,Henning,Hen7030
299,5536586996,Stefano,Ste6996
300,4797972925,Jana,Jan2925
301,9716121749,Per,Per1749
302,0227241136,Adrienne,Adr1136
303,1308943920,Elise,Eli3920
304,0057408757,Deda,Ded8757
305,9262621610,Share,Sha1610
306,0483783351,Naimah,Nai3351
307,9243298015,Violetta,Vio8015
308,6180067889,Jenna,Jen7889
309,2271459761,Jason,Jas9761
310,0036397507,Alicia,Ali7507
311,8041940791,Silvia,Sil0791
312,3134992283,Joab,Joa2283
313,0661391119,Mary And Geoff,Mar1119
314,8173885466,Eyal,Eya5466
315,0288961698,Bruce,Bru1698
316,5281062039,Kurt,Kur2039
317,2693741004,Jennifer,Jen1004
318,6921505711,Ruperto,Rup5711
319,7769466626,Ben,Ben6626
320,9024024441,Thai,Tha4441
321,8175098686,Hudson,Hud8686
322,2479310264,Vanessa,Van0264
323,6769418339,Daniel,Dan8339
324,3770612032,Patty,Pat2032
325,2062559203,Amir,Ami9203
326,9423118186,G & S,G &8186
327,3490233457,Nazleen,Naz3457
328,8871208447,Allison,All8447
329,8458659034,Scott,Sco9034
330,4151267822,Patricia,Pat7822
331,3847412055,Evelyn,Eve2055
332,3030625587,The Box House Hotel,The5587
333,9888917625,Moss Owen,Mos7625
334,4552836745,Nancy,Nan6745
335,4995689769,Bliss,Bli9769
336,0126587172,Pam,Pam7172
337,3997117943,Jennifer,Jen7943
338,4683752980,The Box House Hotel,The2980
339,3570215857,The Box House Hotel,The5857
340,2831823260,Ellis,Ell3260
341,6035311949,The Box House Hotel,The1949
342,3864861980,Christopher,Chr1980
343,5047217293,Christopher,Chr7293
344,0476254249,Sarah,Sar4249
345,3367457505,Ruthven,Rut7505
346,3796462421,Julian,Jul2421
347,4291296291,Leslie,Les6291
348,3134172610,Sophie,Sop2610
349,0009227845,Yvette,Yve7845
350,7670547267,The Box House Hotel,The7267
351,2515573667,Famous,Fam3667
352,1799589438,Kyle,Kyl9438
353,9595986383,Ange,Ang6383
354,7721902211,Alex,Ale2211
355,1527288124,T,T8124
356,2346090017,Sahr,Sah0017
357,7318634065,Marylyn,Mar4065
358,4232959826,Nathalie,Nat9826
359,4001118567,Savannah,Sav8567
360,1240646122,Sadatu,Sad6122
361,7359500918,Jason,Jas0918
362,0388166283,Keishera,Kei6283
363,8862806987,Tessa,Tes6987
364,9266300052,Eduardo,Edu0052
365,1625293913,Sahr,Sah3913
366,0599749730,Shon,Sho9730
367,0554782196,Peter Michael,Pet2196
368,3310501581,Liz And Melissa,Liz1581
369,5773632904,Wanda,Wan2904
370,2718635055,Giorgio,Gio5055
371,0673935377,The B,The5377
372,4199399308,Mi,Mi9308
373,5436454128,Lee And Tara,Lee4128
374,8728222741,Chas,Cha2741
375,1794771095,Ade,Ade1095
376,7165621120,The Box House Hotel,The1120
377,9814209033,Jason,Jas9033
378,8580927432,Michelle,Mic7432
379,9341873232,Alex,Ale3232
380,7627324578,Alicia,Ali4578
381,3942874461,Olivia,Oli4461
382,5504633398,Maya,May3398
383,0784017433,Kai,Kai7433
384,9543977371,Driss,Dri7371
385,4871763546,Marine,Mar3546
386,7419114138,Kelli,Kel4138
387,7375598803,Olivia,Oli8803
388,7255986883,Carol,Car6883
389,1028555139,Anthony,Ant5139
390,6935737356,Natalia,Nat7356
391,9881730189,Susi,Sus0189
392,2447585052,Tony,Ton5052
393,4790457331,Andrey,And7331
394,8007787535,Jane,Jan7535
395,8388995428,Will,Wil5428
396,3672890711,Lilly,Lil0711
397,7729885414,Marylyn,Mar5414
398,5558578529,LuLu,LuL8529
399,2361974123,Roberta,Rob4123
400,7006746345,Paul,Pau6345
401,6658759953,Bobby,Bob9953
402,9656711744,Itamar,Ita1744
403,9374280911,Vikram,Vik0911
404,3020525498,Elizabeth,Eli5498
405,0169870395,Christopher,Chr0395
406,3140290264,Justin,Jus0264
407,8646449385,Rodney,Rod9385
408,7597945743,AntonÃ­n,Ant5743
409,5043338008,Seith,Sei8008
410,5454367823,Eric,Eri7823
411,2908432802,Katharine,Kat2802
412,0152126922,Wayne,Way6922
413,0704896970,Lauren,Lau6970
414,2422836555,Jean,Jea6555
415,2669466707,Catherine,Cat6707
416,5761856385,Holly,Hol6385
417,1572935476,Tracy,Tra5476
418,1510143059,Giovanni,Gio3059
419,4431952963,Karen,Kar2963
420,3342236159,Christopher,Chr6159
421,1643344841,Jeff,Jef4841
422,8215731295,Irena,Ire1295
423,8351789859,Michael,Mic9859
424,6661035415,Jessica,Jes5415
425,4244844092,Daniel,Dan4092
426,2388853935,Ivy,Ivy3935
427,7259361036,Dave,Dav1036
428,5543048762,Mark,Mar8762
429,1547662293,Orna,Orn2293
430,8055369147,Allison,All9147
431,3553621573,Vanessa,Van1573
432,1168971164,Josh,Jos1164
433,2534247482,Rinaldo,Rin7482
434,2964699086,Jonathan,Jon9086
435,4244437392,Oliver,Oli7392
436,1044415626,Kristin,Kri5626
437,5566728320,Carolyn,Car8320
438,9357586652,Meighan,Mei6652
439,2255531845,Julie,Jul1845
440,1730467722,John,Joh7722
441,7573276720,Mihalis,Mih6720
442,5714808653,B.,B.8653
443,3297905255,Nancy,Nan5255
444,0136140204,"Dee, Dre & Mama Shelley",Dee0204
445,5660225364,Peter,Pet5364
446,8604656394,Gladys & Bob,Gla6394
447,4996282145,M,M2145
448,4123822400,Wendy,Wen2400
449,1853961947,Ewelina,Ewe1947
450,1114153002,Wayne,Way3002
451,5530943755,William,Wil3755
452,0708005343,Lucy,Luc5343
453,3805615305,Pat,Pat5305
454,8744651695,Donna,Don1695
455,1544004798,Kimberly,Kim4798
456,8070279612,Meredith,Mer9612
457,6050057156,Tokunbo,Tok7156
458,4306524437,Fred,Fre4437
459,4644218118,Laura,Lau8118
460,5099219459,Pepe,Pep9459
461,7422458874,Lennny & Megan,Len8874
462,1990417544,Amia,Ami7544
463,6400169407,JT And Tiziana,JT 9407
464,9365476658,JT And Tiziana,JT 6658
465,1789182961,Kaye,Kay2961
466,6837104058,Ligia,Lig4058
467,8878443236,James,Jam3236
468,4190265476,Lucy,Luc5476
469,3241779340,Alain,Ala9340
470,2066435227,"Robert ""Bob""",Rob5227
471,5470700321,Andres,And0321
472,8254029505,Placid,Pla9505
473,0139090414,Jsun,Jsu0414
474,7539480702,Jorin,Jor0702
475,5233152994,Seith,Sei2994
476,7709149655,Andrea,And9655
477,7947521478,Jade,Jad1478
478,5301104821,Smadar,Sma4821
479,3003308800,Rahul,Rah8800
480,8626418310,Lucy,Luc8310
481,2333988600,Giancarlo,Gia8600
482,3169070192,Wanda,Wan0192
483,2353696391,Yvette,Yve6391
484,1494446943,Jilly,Jil6943
485,2221587278,Daniel,Dan7278
486,1732543483,Adam,Ada3483
487,0064445825,Lisel,Lis5825
488,8092659853,Barbara,Bar9853
489,9989000157,Chris,Chr0157
490,3899742641,Sara,Sar2641
491,4020128285,Benton,Ben8285
492,3309864012,Linda & Chris,Lin4012
493,8687704623,Alec,Ale4623
494,4296258851,Julia,Jul8851
495,0219045290,Vanessa,Van5290
496,7027858486,Ali & SweetPea,Ali8486
497,0926437868,Jeffrey,Jef7868
498,5645205782,Lena,Len5782
499,8930078879,Doug,Dou8879
500,8202627092,Benton,Ben7092
501,0663945016,Cheryl,Che5016
502,6189570293,Jorin,Jor0293
503,6979045916,Lewis,Lew5916
504,7428218622,Jane,Jan8622
505,5042094905,Donna,Don4905
506,3292787628,Kris,Kri7628
507,7087901742,Henry,Hen1742
508,4453482389,Jennifer,Jen2389
509,2419067321,Cj,Cj7321
510,7764250277,Dani,Dan0277
511,0967768728,Sarah,Sar8728
512,5646133729,Amit,Ami3729
513,7139487473,Kathrine,Kat7473
514,7645029340,Milan,Mil9340
515,6682020788,Tony,Ton0788
516,9239040231,Jason,Jas0231
517,1652810456,Jason,Jas0456
518,3520902292,Rosario,Ros2292
519,5991357700,Mat,Mat7700
520,3800702999,Mike,Mik2999
521,3280458281,Christian & Carla,Chr8281
522,1749664170,Obed,Obe4170
523,4111980429,Lisa,Lis0429
524,3018332752,Village,Vil2752
525,0788276707,Andrew & Markus,And6707
526,3897132238,Daniel,Dan2238
527,3844471387,Mariana,Mar1387
528,0079084127,Mj,Mj4127
529,5620344998,Leslie,Les4998
530,4293133296,Michael,Mic3296
531,7375666352,David,Dav6352
532,9122640059,O'Dell,O'D0059
533,4342287908,Sundiata,Sun7908
534,5653135970,Marina,Mar5970
535,9993265471,Farrah,Far5471
536,0046806863,Karen,Kar6863
537,0757123857,Alan,Ala3857
538,9949465897,Matthew,Mat5897
539,0949444660,Marcela,Mar4660
540,1532376892,Melody,Mel6892
541,2588781691,Mike,Mik1691
542,0382667721,Anastasia,Ana7721
543,9823247853,Elina,Eli7853
544,9853204093,Susan,Sus4093
545,9163948155,Dennis,Den8155
546,1547389261,Dennis,Den9261
547,7779639005,Erika,Eri9005
548,5516518308,Tim,Tim8308
549,7030333866,Elizabeth,Eli3866
550,6074059089,Vanessa,Van9089
551,5991570876,Vlad,Vla0876
552,4296194407,Colin,Col4407
553,3984614556,Toni,Ton4556
554,2844898617,Jabari,Jab8617
555,8698947736,Susanne,Sus7736
556,7112862129,Edo,Edo2129
557,5990145710,Simone,Sim5710
558,9515612002,Andrea,And2002
559,3836260908,Kestrel,Kes0908
560,3418893769,Elizabeth,Eli3769
561,5029318491,Erica,Eri8491
562,3881143413,Melanie,Mel3413
563,0615601663,Ange,Ang1663
564,5268542150,Welcome To My Place,Wel2150
565,2512952947,Zora & Chris,Zor2947
566,9408342605,Danielle,Dan2605
567,5435271586,Tiffaney,Tif1586
568,0992955012,Lori,Lor5012
569,1708029700,Brett,Bre9700
570,6986336643,Evan,Eva6643
571,6237360508,Angus,Ang0508
572,6908697154,Martina,Mar7154
573,8250632405,Jameelah,Jam2405
574,9745632687,Iulia,Iul2687
575,1019735224,Maya,May5224
576,8989309603,Goldi,Gol9603
577,1365588841,Susan,Sus8841
578,8927436016,Jeremy,Jer6016
579,9642382914,Daniel,Dan2914
580,6379145676,Meli,Mel5676
581,9808847400,Nader,Nad7400
582,4354807460,Carmel,Car7460
583,9775453052,Mary,Mar3052
584,6978155842,Jason,Jas5842
585,9103321564,Keenan & Emily,Kee1564
586,1175596953,Samuel,Sam6953
587,0154708637,Orlando,Orl8637
588,4468024360,Yana,Yan4360
589,1498866127,Pepe,Pep6127
590,1449424475,Keera (Jena),Kee4475
591,5363990399,Keera (Jena),Kee0399
592,8078752747,Carmel,Car2747
593,6223738655,Boubacar And Pattee,Bou8655
594,6808002517,Kestrel,Kes2517
595,1749724664,Lisa,Lis4664
596,6347106478,Eziah,Ezi6478
597,9215613066,Deborah,Deb3066
598,9251856868,Gershwyn,Ger6868
599,7563312106,Lisel,Lis2106
600,7244059825,Anton,Ant9825
601,2294690865,Rosalynn,Ros0865
602,7966055544,Deirdre,Dei5544
603,8974155548,Deirdre,Dei5548
604,9378742979,Stefania,Ste2979
605,2946833644,Gaya,Gay3644
606,3621940335,Mary,Mar0335
607,5974475153,Christopher,Chr5153
608,6537371463,Jessica,Jes1463
609,5817751167,Marina,Mar1167
610,2400392223,Ryan,Rya2223
611,8428940363,Marylyn,Mar0363
612,2140551906,Daniel,Dan1906
613,2504415956,Lady Jay,Lad5956
614,9178576225,Gordon,Gor6225
615,1234563522,Raven,Rav3522
616,4496769127,Marceline,Mar9127
617,8343327583,Tim,Tim7583
618,7632869570,Carol,Car9570
619,6769488030,Derrick,Der8030
620,1312239602,Civan,Civ9602
621,9111984891,Lori,Lor4891
622,9745785525,Blanca,Bla5525
623,8004985860,Mark,Mar5860
624,4079509470,Roberto,Rob9470
625,7350594404,Dee,Dee4404
626,0665223347,Selma,Sel3347
627,3525214061,Michael,Mic4061
628,5098034969,Melody,Mel4969
629,8245004449,Tiffany,Tif4449
630,4803441902,William,Wil1902
631,8056521186,John,Joh1186
632,4832841315,Bertie,Ber1315
633,9732197802,Olan,Ola7802
634,2906225357,Dan,Dan5357
635,5414895782,Blue,Blu5782
636,8257654527,Triny,Tri4527
637,5065532462,Nick And NoÃ©mie,Nic2462
638,3944827533,Juvie,Juv7533
639,6729638052,Liz,Liz8052
640,2287886477,Jacqueline,Jac6477
641,0706080404,Ashley & Nir,Ash0404
642,4389318024,Nancy,Nan8024
643,6564547992,Austin,Aus7992
644,0589986883,Jay,Jay6883
645,6129318363,Li,Li8363
646,9462886482,Todd,Tod6482
647,6194401626,Joseph,Jos1626
648,0411992678,Jessica,Jes2678
649,8373002850,Ruari,Rua2850
650,7668599169,Mike,Mik9169
651,3339988524,Jessica,Jes8524
652,7050785598,Lauryn,Lau5598
653,7238868751,Alon,Alo8751
654,2153324611,Andy,And4611
655,8354409752,Baron,Bar9752
656,1662786636,Victor,Vic6636
657,4668350825,Al-,Al-0825
658,9566169905,Jaidev,Jai9905
659,4544403302,Shelley,She3302
660,3465961414,Jerry,Jer1414
661,3407323787,Rafael,Raf3787
662,3167972812,Jens,Jen2812
663,0724910542,The Box House Hotel,The0542
664,9912778712,West Village,Wes8712
665,6897862007,Andy,And2007
666,0978171903,Karina,Kar1903
667,7901654691,Fred,Fre4691
668,2939644948,Ben,Ben4948
669,1972201574,Kyle,Kyl1574
670,8633446641,Christy,Chr6641
671,1028498043,Yvette,Yve8043
672,8167280929,Yvette,Yve0929
673,4555990249,Rhona,Rho0249
674,1934851105,Anne,Ann1105
675,9742848918,Carol,Car8918
676,3962300712,Tunji,Tun0712
677,6786969084,Chris,Chr9084
678,2836554053,Cynthia,Cyn4053
679,2842778159,The Box House Hotel,The8159
680,5479406920,The Box House Hotel,The6920
681,7923458257,The Box House Hotel,The8257
682,7456089933,Olia,Oli9933
683,6947939585,G,G9585
684,6032120340,Cici,Cic0340
685,3726486055,The Box House Hotel,The6055
686,8173284346,The Box House Hotel,The4346
687,3605291190,The Box House Hotel,The1190
688,8271339032,The Box House Hotel,The9032
689,1923961695,The Box House Hotel,The1695
690,5845130830,The Box House Hotel,The0830
691,4925376348,The Box House Hotel,The6348
692,3450573030,The Box House Hotel,The3030
693,1181091956,The Box House Hotel,The1956
694,3363246018,Sharma,Sha6018
695,5339920470,The Box House Hotel,The0470
696,1411760837,Stephanie,Ste0837
697,0061781303,Roger,Rog1303
698,5370561366,Bree,Bre1366
699,4152056314,Antonio,Ant6314
700,8135803528,Claudia,Cla3528
701,4191791908,Cristina,Cri1908
702,5684976868,Janine,Jan6868
703,6275102500,Pamela,Pam2500
704,4872950487,Jaime,Jai0487
705,6385154639,Adolfo,Ado4639
706,4659003292,Daniel,Dan3292
707,9287230079,S,S0079
708,1074579398,Annie,Ann9398
709,6573737525,Kim,Kim7525
710,5466031573,Chad,Cha1573
711,7982853127,Andrea,And3127
712,0096073216,Adrienne,Adr3216
713,0805720482,Marina,Mar0482
714,5193268195,Marina,Mar8195
715,7215933098,Marina,Mar3098
716,8213677881,Alexander,Ale7881
717,6384995851,Ro,Ro5851
718,5862034946,Christine,Chr4946
719,0477823546,Keiko,Kei3546
720,7713472223,Liah,Lia2223
721,4207941502,Lindsey,Lin1502
722,0163223471,Nadya,Nad3471
723,0236124361,Lauren,Lau4361
724,4114833818,Wade,Wad3818
725,8968243386,Juliana,Jul3386
726,3395378061,West Village,Wes8061
727,7953446746,Marisa And Colin,Mar6746
728,9524140290,Dominique,Dom0290
729,8955094428,Nicole,Nic4428
730,2085273604,Shaun,Sha3604
731,4314759704,Joanne,Joa9704
732,0978216179,C,C6179
733,8032537312,Allan,All7312
734,4773342680,Leo,Leo2680
735,3788272264,Adolfo,Ado2264
736,9587981542,Akiko,Aki1542
737,6074162021,Sandra,San2021
738,7306562759,Jen,Jen2759
739,5580675173,Jill,Jil5173
740,5221060108,Brian,Bri0108
741,7266724426,Brian,Bri4426
742,2405054514,Elena,Ele4514
743,9820691996,Asia Joanna,Asi1996
744,3415306870,Drew,Dre6870
745,3177601392,Roberto  Mike,Rob1392
746,5300808409,Fred,Fre8409
747,5202988635,Jocelin,Joc8635
748,0464579887,Clara,Cla9887
749,3512612334,Janice,Jan2334
750,9477240643,Vivianne,Viv0643
751,5196564715,Eyal And Amy,Eya4715
752,0805435893,Vishal,Vis5893
753,8590927043,Sergio,Ser7043
754,4086187980,Antoinette,Ant7980
755,8356882291,M,M2291
756,5060220348,Chavisa,Cha0348
757,1024221428,Janina,Jan1428
758,9299100512,Juliet,Jul0512
759,7787879856,Cameron,Cam9856
760,7865642161,Javier Pedraza,Jav2161
761,3068873872,Javier Pedraza,Jav3872
762,3892410181,Kevin,Kev0181
763,2976039216,Lex,Lex9216
764,2280953223,Lex,Lex3223
765,5269259900,James,Jam9900
766,4219447347,Max,Max7347
767,0503447761,Aj,Aj7761
768,2197100202,Arthur,Art0202
769,0928834860,M,M4860
770,8439094273,Diana,Dia4273
771,3404249578,Valerie,Val9578
772,0245318541,Elizabeth,Eli8541
773,9259480674,West Village,Wes0674
774,2337094429,Delia,Del4429
775,8577897311,Stacia,Sta7311
776,5564175249,Andrew,And5249
777,6854010450,Aaron,Aar0450
778,1106583494,Catherine,Cat3494
779,9931614440,Kwab,Kwa4440
780,4247138832,Dena,Den8832
781,1710303295,Chauncey,Cha3295
782,4233370226,Allan,All0226
783,8883521345,Rosa,Ros1345
784,8389694729,Jim,Jim4729
785,1043052684,Michelle,Mic2684
786,6964002746,Bia,Bia2746
787,2654272491,Heidi,Hei2491
788,4386778599,Cathryne,Cat8599
789,6654159096,Ally,All9096
790,2564100442,Erica,Eri0442
791,3893941411,Gordy,Gor1411
792,3512085890,Naimah,Nai5890
793,6852458025,Gabrielle,Gab8025
794,2154743669,Vimal,Vim3669
795,2913281898,Barbara,Bar1898
796,2405295175,Tw,Tw5175
797,0049039031,Dan,Dan9031
798,2301151993,Lydia,Lyd1993
799,9833179532,Dian,Dia9532
800,9229071397,Kate,Kat1397
801,4478430544,Diana,Dia0544
802,3843313508,Eliza,Eli3508
803,6829011855,Luis,Lui1855
804,8097428029,Elizabeth,Eli8029
805,0380412736,Oz,Oz2736
806,0339715323,Jose,Jos5323
807,8315374875,Louisa,Lou4875
808,5264975773,Dara,Dar5773
809,1009380090,Jesper,Jes0090
810,9945721529,Eric,Eri1529
811,1941616219,Anamaria,Ana6219
812,1066707212,Erika,Eri7212
813,3507703621,Karin,Kar3621
814,9811142378,Jameelah,Jam2378
815,2428431286,Carey,Car1286
816,7933279611,Yvette,Yve9611
817,3635300994,Keow,Keo0994
818,2161894662,Olly,Oll4662
819,0534847806,Hibo,Hib7806
820,2980635863,Paul & Ewa,Pau5863
821,2464389496,Jasmine,Jas9496
822,7778336914,Michael,Mic6914
823,7908012895,Max,Max2895
824,1438592868,Elle,Ell2868
825,2569482506,Geoff,Geo2506
826,0642036955,Ronaldo,Ron6955
827,5158745594,Pia,Pia5594
828,9146831146,Mikki & Bazi,Mik1146
829,7048880404,Philip,Phi0404
830,2282367163,Rohan,Roh7163
831,9898964577,Natalia,Nat4577
832,7741260369,Alejandra,Ale0369
833,7137743427,Hubert,Hub3427
834,1682545393,Urszula,Urs5393
835,6292762122,Svetlana,Sve2122
836,6404571361,Sena,Sen1361
837,5044603592,Olly,Oll3592
838,5238140906,The Box House Hotel,The0906
839,9804973502,Carmen,Car3502
840,6347837779,The Box House Hotel,The7779
841,2261751202,Irina,Iri1202
842,1822108671,The Box House Hotel,The8671
843,3540532278,The Box House Hotel,The2278
844,3123938689,The Box House Hotel,The8689
845,7700015492,Summer,Sum5492
846,7267833324,Pam,Pam3324
847,9132007985,The Box House Hotel,The7985
848,1243004141,Marissa,Mar4141
849,4290683257,Felicia,Fel3257
850,9441208099,Ric,Ric8099
851,5657214037,Alan,Ala4037
852,5316681819,Todd,Tod1819
853,8933407403,Weiwei,Wei7403
854,8522546881,Glenn,Gle6881
855,6933608794,Jacques,Jac8794
856,6673004046,Brady,Bra4046
857,8353390681,Alison,Ali0681
858,3301108694,Sergio,Ser8694
859,2234259820,Irina,Iri9820
860,1033462960,Edward,Edw2960
861,0444645599,Jason,Jas5599
862,8003114738,Jessica,Jes4738
863,5965823435,L,L3435
864,8907610852,Tom,Tom0852
865,6841911976,Eliza,Eli1976
866,3334924368,Ron,Ron4368
867,8660690464,Alice,Ali0464
868,8037293860,Dimitry,Dim3860
869,9445950330,Ibrahima,Ibr0330
870,8174269349,Antonio,Ant9349
871,1752414114,Carolyn,Car4114
872,6889428927,Kristina,Kri8927
873,6440223033,Tina,Tin3033
874,0291325093,Oona,Oon5093
875,3329271390,Ben,Ben1390
876,4382467337,Magdalena,Mag7337
877,1248553731,Jonathan,Jon3731
878,0637390183,Kimberly,Kim0183
879,0954364094,Kimberly,Kim4094
880,8990671702,Mary,Mar1702
881,8155692170,Brian,Bri2170
882,9368277544,Karen,Kar7544
883,4506086492,Junior,Jun6492
884,2846787313,Richard,Ric7313
885,6042848744,P,P8744
886,8742176354,Ariel,Ari6354
887,7457120675,Chris,Chr0675
888,6412901311,Andrew & Markus,And1311
889,2728758355,Sean And Kiana,Sea8355
890,1445690347,Jane,Jan0347
891,7542673430,Michael,Mic3430
892,0534015538,Ana,Ana5538
893,8876275169,Jason,Jas5169
894,3465846020,Maria Luiza,Mar6020
895,0375642587,Nora,Nor2587
896,7070153895,Katy,Kat3895
897,0318662746,Lillian,Lil2746
898,5382430924,Fabiana,Fab0924
899,0423770511,Erin,Eri0511
900,4422292132,Candice,Can2132
901,4799622673,James,Jam2673
902,4336565578,Todd,Tod5578
903,9303380656,Amanda,Ama0656
904,4318291135,Ted And Diane,Ted1135
905,7305177534,Jason,Jas7534
906,1528686243,S,S6243
907,0685297407,Mathias,Mat7407
908,7207497224,Sara,Sar7224
909,1822715579,Nitzan,Nit5579
910,4022336478,Erica,Eri6478
911,9594984536,Esther,Est4536
912,6262566090,Jill,Jil6090
913,8693756815,Robyn,Rob6815
914,6358710589,Joseph,Jos0589
915,2887363732,Duane,Dua3732
916,9150467743,Marc,Mar7743
917,1290602511,Todd,Tod2511
918,8458528347,Paula,Pau8347
919,4127577395,Jonathan,Jon7395
920,9129831304,Pat,Pat1304
921,2747676063,Patrick,Pat6063
922,4118412774,Chryslaine,Chr2774
923,3035978090,Steve And Heather,Ste8090
924,4277539846,Steve And Heather,Ste9846
925,8046960007,Steve And Heather,Ste0007
926,4802045122,Jason,Jas5122
927,9421482465,Mary,Mar2465
928,9596982950,J,J2950
929,5220659675,Yj,Yj9675
930,0565433190,Marie,Mar3190
931,1030667084,Gladys,Gla7084
932,1796095724,Laura,Lau5724
933,3264317930,J,J7930
934,6160867061,Ben,Ben7061
935,7291153573,R.,R.3573
936,8654829190,Steven,Ste9190
937,6284888185,Tony,Ton8185
938,7211674003,Julie,Jul4003
939,8366873611,Beth,Bet3611
940,8278394942,Jason,Jas4942
941,2918295003,Nom,Nom5003
942,3618947038,Kate,Kat7038
943,7435869677,Niki & Colin,Nik9677
944,8760249482,Sascha,Sas9482
945,2982445986,Ron,Ron5986
946,8809075290,Marvet,Mar5290
947,0602851976,Shai,Sha1976
948,7006970269,Marc,Mar0269
949,9432679631,Jared,Jar9631
950,1419584561,Camila,Cam4561
951,4424058746,Molly,Mol8746
952,9461128128,Ellie,Ell8128
953,2054867401,Kay,Kay7401
954,8841549337,Candice,Can9337
955,0372128434,Jennifer,Jen8434
956,6736038949,Lilly,Lil8949
957,9973841546,Tracey,Tra1546
958,6945911543,Rico,Ric1543
959,5029980421,Susan,Sus0421
960,8220514229,Andre,And4229
961,1753563248,Veronika And John,Ver3248
962,2238952619,Ginger,Gin2619
963,9004964365,Luke,Luk4365
964,3930045575,Alix,Ali5575
965,1953359382,Max,Max9382
966,1118412383,Christina,Chr2383
967,4459988855,Mark,Mar8855
968,3578777572,Rimma & Jim,Rim7572
969,7020537131,Ido,Ido7131
970,9479850633,Geny,Gen0633
971,5912258496,Ellis,Ell8496
972,0637093841,Alexander,Ale3841
973,8691136328,William,Wil6328
974,8735012120,William,Wil2120
975,7519375490,Brace,Bra5490
976,1315200254,Sophia,Sop0254
977,7471859680,Orit,Ori9680
978,6212386881,Nen,Nen6881
979,1590805965,Cristina,Cri5965
980,0680627559,Jon,Jon7559
981,5512761199,Yogi,Yog1199
982,2187952450,Lilly,Lil2450
983,1397346351,Michael & Aleksandra,Mic6351
984,0909753258,Liz,Liz3258
985,6169674600,Constance F.,Con4600
986,7848219032,Luana,Lua9032
987,4992042562,Rebecka,Reb2562
988,9683216886,Kristian & Di,Kri6886
989,3882939461,Kristina,Kri9461
990,0106169666,Alayna,Ala9666
991,8333661595,Paola,Pao1595
992,1402140444,Todd,Tod0444
993,9965444576,Constance F.,Con4576
994,2111185976,Javier,Jav5976
995,7087969393,Daniel,Dan9393
996,8611260943,Richelle,Ric0943
997,2742929312,Wendy,Wen9312
998,1152796388,Darktalia,Dar6388
999,3500319440,Michael,Mic9440
1000,1451725424,William,Wil5424
1001,0622922121,David,Dav2121
1002,6053913844,John,Joh3844
1003,6933707898,Esther,Est7898
1004,1381991988,Loretta,Lor1988
1005,8838998457,Maya,May8457
1006,0730613362,Amanda,Ama3362
1007,0325107213,K. Naomi,K. 7213
1008,9215579168,Candice,Can9168
1009,8694494943,Katya,Kat4943
1010,2266917452,Jsun,Jsu7452
1011,1785816410,Jeruschka,Jer6410
1012,7286141376,Megan,Meg1376
1013,0368240178,M. C.,M. 0178
1014,7684122871,Marie-Helene,Mar2871
1015,2615417213,Erin,Eri7213
1016,7255432765,Majar,Maj2765
1017,4624718140,Marshall,Mar8140
1018,1494765699,Andre,And5699
1019,6481083966,Elizabeth,Eli3966
1020,6850211889,K. Naomi,K. 1889
1021,7321212977,Olga,Olg2977
1022,8572522464,Jennifer,Jen2464
1023,4273753414,Jonathan,Jon3414
1024,8870611554,Verena,Ver1554
1025,9459774534,Linda,Lin4534
1026,9316697694,Kim,Kim7694
1027,1958910533,Omri,Omr0533
1028,4661993053,Cary,Car3053
1029,6418093047,Dan,Dan3047
1030,2169728802,Shell,She8802
1031,5915897985,Martis,Mar7985
1032,5105863188,Jasmine,Jas3188
1033,9749158227,Vero,Ver8227
1034,6747278133,Marshall,Mar8133
1035,0703354902,Eada,Ead4902
1036,2388311704,Maddine,Mad1704
1037,3185391528,Richard,Ric1528
1038,4807762979,Lynda,Lyn2979
1039,2446984905,Jasen,Jas4905
1040,1055180478,Jj,Jj0478
1041,4372773672,Akari,Aka3672
1042,7251485926,Shelley,She5926
1043,7065233829,Supriya,Sup3829
1044,5137928511,Rafil,Raf8511
1045,8925012634,Rachael,Rac2634
1046,6201859941,Elaine,Ela9941
1047,7728273282,Kishore,Kis3282
1048,9217407827,Kurt,Kur7827
1049,0454085802,Grace,Gra5802
1050,6556209596,Miya,Miy9596
1051,1734270004,David,Dav0004
1052,5312411704,Terrance,Ter1704
1053,1747855239,Joe,Joe5239
1054,1825424391,Suzanne,Suz4391
1055,2140515208,Robert,Rob5208
1056,9965256238,Andrew,And6238
1057,1351274666,Alda,Ald4666
1058,2168689518,Jennifer,Jen9518
1059,1012466872,Cp,Cp6872
1060,3522720219,Laetitia,Lae0219
1061,4819345557,Serge,Ser5557
1062,6348746486,Seth,Set6486
1063,1371355505,Ralph,Ral5505
1064,3004759387,Marc,Mar9387
1065,2227558087,Haley,Hal8087
1066,0241880363,Andrij,And0363
1067,9748234635,Joris,Jor4635
1068,5397480099,Rachel,Rac0099
1069,7244961321,Michelle,Mic1321
1070,9128327274,James,Jam7274
1071,0895670928,Danielle,Dan0928
1072,6651506711,Joy,Joy6711
1073,8490300210,Mark,Mar0210
1074,5240021131,Jsun,Jsu1131
1075,0682283664,Sharma,Sha3664
1076,4342078818,Sharma,Sha8818
1077,9400027571,Alex,Ale7571
1078,9944610141,Yamil,Yam0141
1079,4753664938,Liz,Liz4938
1080,8442738236,Karen,Kar8236
1081,5978178848,Natalie,Nat8848
1082,7213488937,Marjorie,Mar8937
1083,3454458706,Maria Luiza,Mar8706
1084,3997804743,Martha,Mar4743
1085,2389886606,Tamara,Tam6606
1086,8417027972,Helen,Hel7972
1087,0114332264,Waldemar,Wal2264
1088,9965080533,Laura,Lau0533
1089,9602512259,Stephanie,Ste2259
1090,4567984109,Jacques,Jac4109
1091,8474893452,Toni,Ton3452
1092,7364814999,Felo,Fel4999
1093,4770940929,Alex,Ale0929
1094,6510966757,Laura,Lau6757
1095,2580270348,Jeanine,Jea0348
1096,4828210321,Daniel,Dan0321
1097,8454981424,Gary,Gar1424
1098,9106033995,David,Dav3995
1099,1390915309,Kaye,Kay5309
1100,9129395242,Lorena,Lor5242
1101,8735674250,Javier & Jorge,Jav4250
1102,9722272583,Sarah,Sar2583
1103,3055802151,Ivana,Iva2151
1104,1818993510,Jan,Jan3510
1105,2668698621,Sara,Sar8621
1106,5908685855,Sarah,Sar5855
1107,9321883736,Sunserae,Sun3736
1108,1433678799,Miryam,Mir8799
1109,9937213775,Jacques,Jac3775
1110,2752378038,Ora & Scout,Ora8038
1111,1676109245,Ryan,Rya9245
1112,6569937267,Nicole Lavonne,Nic7267
1113,4905381189,Rj,Rj1189
1114,1806382040,Lloyd,Llo2040
1115,0528771150,David,Dav1150
1116,3195993910,Cynthia,Cyn3910
1117,7975072459,Murch,Mur2459
1118,4807330730,Sue,Sue0730
1119,0772958243,Filip,Fil8243
1120,1602407809,Diana,Dia7809
1121,0965841732,Aram,Ara1732
1122,7337304001,Francesca,Fra4001
1123,6144779808,Verena  And Dylan,Ver9808
1124,0108303600,Stephen,Ste3600
1125,5808439772,George,Geo9772
1126,5253184825,Rich,Ric4825
1127,3784211466,Sweet Home,Swe1466
1128,5626614691,Massi & Ray,Mas4691
1129,4983680842,Koren,Kor0842
1130,4002165371,Deborah,Deb5371
1131,9496500672,Kara,Kar0672
1132,6226547484,Adam,Ada7484
1133,3541271501,Adam,Ada1501
1134,1743138788,Adam,Ada8788
1135,7390942768,Teresa,Ter2768
1136,9229746752,Agnes,Agn6752
1137,8539072590,Kristine,Kri2590
1138,6528623347,Jimmy,Jim3347
1139,4881976625,Jennifer,Jen6625
1140,4064230505,Samir,Sam0505
1141,8769779060,Josh,Jos9060
1142,9902130772,Jaime,Jai0772
1143,1769731937,Jazmin,Jaz1937
1144,6791008201,Hannah,Han8201
1145,4978304336,Ron,Ron4336
1146,3900529530,Candice,Can9530
1147,2576820731,Lior,Lio0731
1148,6690322531,Megan,Meg2531
1149,5792132790,Edward,Edw2790
1150,0560123739,Wallace,Wal3739
1151,5208820905,Jodi,Jod0905
1152,2218556039,John,Joh6039
1153,8101796110,Hana,Han6110
1154,9489105485,Alex,Ale5485
1155,6955916360,Jackie'S Place,Jac6360
1156,9856635135,Michael,Mic5135
1157,1522243263,Keith,Kei3263
1158,3055528628,Mick & Heidi,Mic8628
1159,3580888921,Carter,Car8921
1160,5350865360,Kelly,Kel5360
1161,3015965425,Clara,Cla5425
1162,7757649728,Peter,Pet9728
1163,6891049318,A.B.,A.B9318
1164,4761996540,Andy,And6540
1165,7972000686,Ada,Ada0686
1166,8797641816,Julie,Jul1816
1167,1820872094,Carly,Car2094
1168,2148539640,Christine,Chr9640
1169,4304797093,Gelya,Gel7093
1170,3124257363,Ute,Ute7363
1171,8516198937,Maddy,Mad8937
1172,3205306969,Jean-Marie,Jea6969
1173,6516663525,Biren,Bir3525
1174,3885836914,Megan,Meg6914
1175,9862405261,D,D5261
1176,1858224332,Elizabeth (And Jeff Too),Eli4332
1177,2347318021,Regina,Reg8021
1178,2756044674,Ellen,Ell4674
1179,6457859015,Dimitry,Dim9015
1180,4982056952,Bojan+Margaret,Boj6952
1181,3970130859,James,Jam0859
1182,7151697041,Aleksandra,Ale7041
1183,7102917081,Joyce,Joy7081
1184,7383545186,Fanny,Fan5186
1185,1650046749,Patrick,Pat6749
1186,1267232171,Anastasia,Ana2171
1187,4344174062,Gina,Gin4062
1188,2507422729,Elodie,Elo2729
1189,0461511231,Caitlin,Cai1231
1190,1062149287,Eric,Eri9287
1191,8808093926,Rebecca (Marks),Reb3926
1192,8498033005,Theresa,The3005
1193,7975579445,Michele,Mic9445
1194,5874910807,Mahalia,Mah0807
1195,1332056560,Eric,Eri6560
1196,7513910621,Erin,Eri0621
1197,0083611640,Mariana,Mar1640
1198,2131023445,Ann,Ann3445
1199,3331314957,Catherine,Cat4957
1200,4566378812,Kelly,Kel8812
1201,8891507133,John,Joh7133
1202,9882519721,Jason,Jas9721
1203,8367358017,Anthony,Ant8017
1204,1126900324,Jose And Ysaira,Jos0324
1205,5292189010,Edward,Edw9010
1206,6875286762,Rick,Ric6762
1207,8959130102,Margaret,Mar0102
1208,2013801843,Jacqueline,Jac1843
1209,6090654698,Darya,Dar4698
1210,6177618974,Samantha,Sam8974
1211,1534026222,Gay,Gay6222
1212,0093734774,Amy,Amy4774
1213,8574523318,Rich,Ric3318
1214,1029695940,Richard,Ric5940
1215,7140790143,Dennis,Den0143
1216,8524877040,Tiffany,Tif7040
1217,9955024467,Richard,Ric4467
1218,2271079390,Amanda,Ama9390
1219,7753260014,Michael,Mic0014
1220,3627941839,Catrinel,Cat1839
1221,3324395277,Aaron,Aar5277
1222,5790385702,Stephane,Ste5702
1223,2260027368,Bethany,Bet7368
1224,7182492128,Walker,Wal2128
1225,0670054593,Joni,Jon4593
1226,8714879316,Andrea,And9316
1227,4595108297,Stephanie,Ste8297
1228,8157288786,Federico,Fed8786
1229,2648545651,Janina,Jan5651
1230,2305539877,Brendan,Bre9877
1231,1949277713,Ghislaine,Ghi7713
1232,1736651727,Amelia,Ame1727
1233,3709250256,Glace,Gla0256
1234,5701026049,Anya,Any6049
1235,6787885607,Asher,Ash5607
1236,4216160157,Carl,Car0157
1237,0042876228,Leigh,Lei6228
1238,7931249127,Noele,Noe9127
1239,5123643538,Chris,Chr3538
1240,8048014410,Jenna,Jen4410
1241,9344785699,Robert,Rob5699
1242,9211668803,Kim,Kim8803
1243,3769750734,Eleanor,Ele0734
1244,6506310528,Reena,Ree0528
1245,1214003067,Lisbeth,Lis3067
1246,5360797331,Wendy,Wen7331
1247,2680464302,Kyle,Kyl4302
1248,7775313202,Sing,Sin3202
1249,6471918934,Lane,Lan8934
1250,8626780320,Larah,Lar0320
1251,8837020231,Sandy,San0231
1252,0678764792,Justine,Jus4792
1253,7338166651,Dragan,Dra6651
1254,7824286764,Sofia,Sof6764
1255,3466054724,Alexandra,Ale4724
1256,6847264009,Gita,Git4009
1257,8188807250,Thomas,Tho7250
1258,7122277064,Matthew,Mat7064
1259,3392489921,Olivia,Oli9921
1260,3678339521,Adam,Ada9521
1261,7622566476,Liz,Liz6476
1262,6452793085,Michael,Mic3085
1263,2607670461,Judith & Reid,Jud0461
1264,6694001943,Maite & Javi,Mai1943
1265,7335932727,Dawn,Daw2727
1266,9047842607,Fabrizio,Fab2607
1267,6315525200,David,Dav5200
1268,5490616476,De & Claudia,De 6476
1269,8337324031,Michelle,Mic4031
1270,4232664129,Stefanie,Ste4129
1271,3978435073,Kareem,Kar5073
1272,6738322168,Anton,Ant2168
1273,9439395783,Christina,Chr5783
1274,3764906838,Adam,Ada6838
1275,9098150885,Kj,Kj0885
1276,5155849085,Sharon And Tom,Sha9085
1277,4743732316,Greta,Gre2316
1278,3314137497,F,F7497
1279,0511155803,Srdjan,Srd5803
1280,9173345308,Tom,Tom5308
1281,5185952142,Marvet,Mar2142
1282,0649582231,Linda,Lin2231
1283,7757652472,Jeff,Jef2472
1284,4089840192,Mickey,Mic0192
1285,0037645001,Kristin,Kri5001
1286,6849096859,Shontae,Sho6859
1287,4479882778,Yonatan,Yon2778
1288,1312825676,James,Jam5676
1289,8426390358,Brian,Bri0358
1290,8244866864,Huxley,Hux6864
1291,8418594892,Kathleen,Kat4892
1292,4507449878,Henrik,Hen9878
1293,9135187950,Greg,Gre7950
1294,7907446093,Maurice,Mau6093
1295,8130860364,Historic Harlem,His0364
1296,3440393508,Jennie,Jen3508
1297,0083355315,Yah,Yah5315
1298,8375877842,Steve,Ste7842
1299,8608758350,Maayan,Maa8350
1300,7628073899,Evan,Eva3899
1301,0244914760,Lindsey,Lin4760
1302,7910131155,Jessica,Jes1155
1303,2817651221,Vana,Van1221
1304,7566619824,Annie,Ann9824
1305,1100684687,Laura,Lau4687
1306,0217562814,Aaron,Aar2814
1307,8030304023,Mathilde,Mat4023
1308,4968898992,David,Dav8992
1309,3991042142,Matt,Mat2142
1310,1861100658,Kalae,Kal0658
1311,6323839566,Heather,Hea9566
1312,6326442419,Marianna,Mar2419
1313,2542372356,Sajjad,Saj2356
1314,6776642276,Erin,Eri2276
1315,0166729027,Jason,Jas9027
1316,8398731735,Alessandra,Ale1735
1317,8902255260,Seith,Sei5260
1318,1122379079,Christopher,Chr9079
1319,2172764194,Noemie,Noe4194
1320,7853731686,Ana,Ana1686
1321,6701117621,Ny,Ny7621
1322,3222111266,Ollie,Oll1266
1323,3457221664,Nkosi,Nko1664
1324,2004270588,Brian,Bri0588
1325,3725937611,Katherine,Kat7611
1326,5905342712,Sheri,She2712
1327,2913444425,Goran,Gor4425
1328,3195592567,Alexandra,Ale2567
1329,9634733926,Dustin,Dus3926
1330,3365912570,Ina,Ina2570
1331,7760322957,Stephon & Luke,Ste2957
1332,4512269551,Edel,Ede9551
1333,0330705928,Gideon,Gid5928
1334,0653785412,Mark And Stoph,Mar5412
1335,0690771774,Melanie,Mel1774
1336,2012399928,Dana,Dan9928
1337,8796469432,Bekah,Bek9432
1338,6117846861,Jeanmarie,Jea6861
1339,4246866293,Raziel,Raz6293
1340,3393375942,Tim,Tim5942
1341,8397106806,Ibie,Ibi6806
1342,6650837171,Nitin,Nit7171
1343,7369809700,Gio/Joey,Gio9700
1344,5799954656,Anna,Ann4656
1345,8527809812,Kanan & Tobias,Kan9812
1346,4092025526,Alex,Ale5526
1347,6929822974,Helene,Hel2974
1348,8492436439,Tim,Tim6439
1349,5324783112,Josefina,Jos3112
1350,0305782142,John,Joh2142
1351,1158414937,Jeffrey,Jef4937
1352,6553952552,Tom & Jennifer,Tom2552
1353,5190793965,Michael,Mic3965
1354,8165266038,Wowa,Wow6038
1355,2690367648,T,T7648
1356,0367503573,Lisa,Lis3573
1357,9366623244,Theodore,The3244
1358,9438617412,Stephanie,Ste7412
1359,9904466147,Chris,Chr6147
1360,8437111014,Valerie,Val1014
1361,1003994598,Marie-Jeanne,Mar4598
1362,7927997979,Hillary,Hil7979
1363,1488709421,Chris,Chr9421
1364,8348601991,Chris,Chr1991
1365,0457885332,Bill,Bil5332
1366,4583474774,Markus,Mar4774
1367,3538242150,Chris,Chr2150
1368,9054778143,Kelly,Kel8143
1369,8389881350,Ana,Ana1350
1370,5329512172,Angela,Ang2172
1371,5104775647,Nancy,Nan5647
1372,4287483432,Onur,Onu3432
1373,9121963123,Fabio,Fab3123
1374,0891648701,Amy,Amy8701
1375,4005407654,Chris,Chr7654
1376,6020041510,George,Geo1510
1377,7505492422,Kathleen R.,Kat2422
1378,6614584010,Kevin + Casey,Kev4010
1379,1049347736,Zach,Zac7736
1380,1591150122,Kyle,Kyl0122
1381,0676316988,Miriam,Mir6988
1382,4789081796,Nat,Nat1796
1383,2636021120,Lauren,Lau1120
1384,6108241386,Heather,Hea1386
1385,5532847059,Wendy,Wen7059
1386,7007945284,Eric,Eri5284
1387,4592634587,Silvia,Sil4587
1388,8637777934,Marta,Mar7934
1389,4453707539,Rafael,Raf7539
1390,9836104286,Jonathan,Jon4286
1391,1610812115,Andrew And Kat,And2115
1392,1491652952,"Christopher, Samantha And Mason",Chr2952
1393,2559415611,Deborah,Deb5611
1394,4809028250,Miriam,Mir8250
1395,9866137334,Lori & John,Lor7334
1396,6617242249,Historic Harlem,His2249
1397,9058030371,Mike,Mik0371
1398,1005096558,Masud,Mas6558
1399,3445070108,Bradley,Bra0108
1400,0485430964,Bob,Bob0964
1401,0334835343,Sarah,Sar5343
1402,2515748270,Cath,Cat8270
1403,7443007983,Zack,Zac7983
1404,3385718080,Hayley,Hay8080
1405,8309716882,David,Dav6882
1406,7990585458,Mauricio,Mau5458
1407,8927399009,Evelina,Eve9009
1408,4190764841,Angela,Ang4841
1409,2317814256,Laura And Bernard,Lau4256
1410,6253519368,Aida,Aid9368
1411,1533807227,Gina,Gin7227
1412,0655191351,Zhenia,Zhe1351
1413,2334555701,Carlita,Car5701
1414,7905099564,Armando,Arm9564
1415,4913362719,Dennis,Den2719
1416,6541419150,Sag,Sag9150
1417,5449300715,Lauren,Lau0715
1418,4874588442,Ian,Ian8442
1419,4314064598,Zachary,Zac4598
1420,2587536414,Niral,Nir6414
1421,1237837081,Ken,Ken7081
1422,6026274569,Lascell,Las4569
1423,5614131228,Karl & Catherine,Kar1228
1424,1589604780,Paul,Pau4780
1425,8125288569,Henry,Hen8569
1426,3298076386,Peter,Pet6386
1427,8029034509,Misty,Mis4509
1428,3167584898,Jose,Jos4898
1429,1476526846,Sharon,Sha6846
1430,4736913147,Daniel,Dan3147
1431,7218101725,Tony,Ton1725
1432,7862051569,Cortney,Cor1569
1433,2897905474,Jonny,Jon5474
1434,0410265482,Jeffrey,Jef5482
1435,0250732124,Marina,Mar2124
1436,2425644467,Jack,Jac4467
1437,9539378754,Gina,Gin8754
1438,9107518968,Chris & Don,Chr8968
1439,0596950177,Diego,Die0177
1440,9103875199,Dee,Dee5199
1441,1446352063,Mateo And Anna,Mat2063
1442,3226894245,Evan,Eva4245
1443,7435934794,Grace,Gra4794
1444,7983258114,Ryan,Rya8114
1445,8572073637,Vadim,Vad3637
1446,9397161746,James,Jam1746
1447,4137940479,Steven,Ste0479
1448,0662760466,Brian,Bri0466
1449,2584031624,Daniel,Dan1624
1450,7669780720,Gal,Gal0720
1451,3850544655,Mathilde,Mat4655
1452,4917028511,Andrea,And8511
1453,7783409115,Mary,Mar9115
1454,9111584264,Carmen,Car4264
1455,3066870986,Ede,Ede0986
1456,1310725619,Jon,Jon5619
1457,7776113673,Moira,Moi3673
1458,1335942104,Jernee,Jer2104
1459,8688170779,Karina,Kar0779
1460,1193072105,David,Dav2105
1461,7464142769,Christina,Chr2769
1462,3792278550,Lisa,Lis8550
1463,4842040723,Casper,Cas0723
1464,7781361042,Edward,Edw1042
1465,3091767904,Mike,Mik7904
1466,6111972819,Mike,Mik2819
1467,6464553379,Mike,Mik3379
1468,3532458977,Mike,Mik8977
1469,2073277577,Mike,Mik7577
1470,0446133026,Kate,Kat3026
1471,0789841649,Noel,Noe1649
1472,5133113061,Kathleen,Kat3061
1473,6625298580,Connie,Con8580
1474,0293737628,Nick,Nic7628
1475,5168262303,Alana,Ala2303
1476,1181880420,Manon,Man0420
1477,0028979681,Horatio,Hor9681
1478,4748772213,Charlotte,Cha2213
1479,5552232323,Olga,Olg2323
1480,4133640496,Mariko,Mar0496
1481,0377384834,Claire,Cla4834
1482,0811884025,Dawn,Daw4025
1483,7661061443,Jay,Jay1443
1484,6919335736,Erika,Eri5736
1485,8754980857,Ruth,Rut0857
1486,1245659634,Ben,Ben9634
1487,1345254139,Sean - Hygge Stay,Sea4139
1488,1042196981,Lynne,Lyn6981
1489,0575335628,Nika,Nik5628
1490,3551909020,Clara,Cla9020
1491,1400128336,Henry,Hen8336
1492,5183328676,Carl,Car8676
1493,1508212290,Matteo,Mat2290
1494,4643614483,Carlo,Car4483
1495,4319808139,Valentin,Val8139
1496,7421315997,Nic,Nic5997
1497,9072180729,Lina,Lin0729
1498,9969988963,Martina,Mar8963
1499,0728388883,Kate,Kat8883
1500,7118621577,Jackie'S Place,Jac1577
1501,4778133657,Roxanne,Rox3657
1502,6023182625,Kate,Kat2625
1503,6925995237,Cory,Cor5237
1504,9003680122,Camille,Cam0122
1505,5509582981,Elizabeth,Eli2981
1506,9079519700,Claire,Cla9700
1507,0937907049,Natalie,Nat7049
1508,8972747483,Francesca,Fra7483
1509,1037937231,Callie,Cal7231
1510,8646691110,Ouii,Oui1110
1511,3134114600,Jullett,Jul4600
1512,9545271338,Glauce,Gla1338
1513,2880600142,James,Jam0142
1514,3546301586,Stephen,Ste1586
1515,8364514063,Alice,Ali4063
1516,5715679364,Laila,Lai9364
1517,3093552904,Kalae,Kal2904
1518,9595790543,Maria,Mar0543
1519,1958937159,Yolanda,Yol7159
1520,6196879693,Roxanne,Rox9693
1521,8670911419,Danny,Dan1419
1522,8064532473,Jeff,Jef2473
1523,0430332716,John,Joh2716
1524,7903535483,Mie,Mie5483
1525,8866697363,George Steven,Geo7363
1526,8720452371,George Steven,Geo2371
1527,7121678176,Maria Daniela,Mar8176
1528,5464845588,Daniel,Dan5588
1529,5677827645,Andrew,And7645
1530,8594226618,Biren,Bir6618
1531,4008307523,Katherine,Kat7523
1532,6741586042,Peter,Pet6042
1533,5589786020,Collin,Col6020
1534,2006668903,Ethan And Wray,Eth8903
1535,2403236096,Maurice,Mau6096
1536,3293083386,Slava,Sla3386
1537,6755910990,Daniel,Dan0990
1538,5822968896,Yves,Yve8896
1539,6571005944,Ingrid,Ing5944
1540,7336378851,Phillip,Phi8851
1541,9850302214,Lindsay,Lin2214
1542,0215663646,Larysa,Lar3646
1543,4478540098,Pavel,Pav0098
1544,0652170266,Natalie,Nat0266
1545,5344922997,Boris,Bor2997
1546,2853024911,John,Joh4911
1547,3966505615,Karin,Kar5615
1548,2555633109,Charlie,Cha3109
1549,1997621169,Kevin,Kev1169
1550,5413324170,Kristen,Kri4170
1551,3993013270,Eric,Eri3270
1552,3833966091,Abby,Abb6091
1553,3391381499,Joseph,Jos1499
1554,6683095533,Nina,Nin5533
1555,9884773779,Kristin,Kri3779
1556,0808961496,Devin  & Justin,Dev1496
1557,7733215544,Chantille & Linda,Cha5544
1558,2304878861,Janet-David,Jan8861
1559,4761692436,Christos,Chr2436
1560,4747189307,Gabriela,Gab9307
1561,9653536076,Afaliah,Afa6076
1562,6898578936,Roberto,Rob8936
1563,3312461484,Gisela,Gis1484
1564,9280832418,Mathew,Mat2418
1565,5322815167,Ori,Ori5167
1566,3738632532,Marvet,Mar2532
1567,3806758758,Paul,Pau8758
1568,9968464536,Marianne,Mar4536
1569,8469592022,Katherine / FranÃ§ois,Kat2022
1570,1866051263,Brady,Bra1263
1571,7030344940,Ari,Ari4940
1572,6145340106,Jeff,Jef0106
1573,3067776338,Arlette,Arl6338
1574,9068196240,Eugenia,Eug6240
1575,1704395835,Gym Hoodie,Gym5835
1576,6647177195,Alejandra,Ale7195
1577,7589888242,Isabelle,Isa8242
1578,9166866390,Amy,Amy6390
1579,4339275196,Barry,Bar5196
1580,1864872313,Marianne,Mar2313
1581,8069100562,Paul And Debra,Pau0562
1582,2718347588,Alison,Ali7588
1583,7211614510,Giorgia & Benjamin,Gio4510
1584,4525206488,Paul,Pau6488
1585,4271344235,Paul,Pau4235
1586,8888107987,Enid,Eni7987
1587,9557438693,Radan,Rad8693
1588,9493069093,Florencia,Flo9093
1589,5959062144,Enrique,Enr2144
1590,1478648710,Melissa,Mel8710
1591,2889122301,M,M2301
1592,5004380530,Silvia,Sil0530
1593,4388205744,Crystal,Cry5744
1594,0043968825,Adam,Ada8825
1595,3735910201,Jo,Jo0201
1596,8639866673,John,Joh6673
1597,1417685823,Dk,Dk5823
1598,2200598848,Samir,Sam8848
1599,6468352351,Dustin,Dus2351
1600,8462137842,Enid,Eni7842
1601,1213065473,Ellen,Ell5473
1602,0815450136,Neill,Nei0136
1603,0270842964,Andrea,And2964
1604,3977451363,Bethania,Bet1363
1605,5200269755,Alexander,Ale9755
1606,6604171870,Ari,Ari1870
1607,0277679509,Natalia,Nat9509
1608,6371920467,Elli,Ell0467
1609,7223623013,Remo,Rem3013
1610,1347292245,The Box House Hotel,The2245
1611,4600650313,The Box House Hotel,The0313
1612,5542604270,Glasshouse,Gla4270
1613,7537217307,Tari,Tar7307
1614,9768902737,AJ And Freddy,AJ 2737
1615,3112341324,Clement & Natalia,Cle1324
1616,5077360720,Lex And Derek,Lex0720
1617,6275670953,Mike,Mik0953
1618,0520902437,"Porfirio ""Firo"" & Maria",Por2437
1619,5611967859,Melinda,Mel7859
1620,8636000899,Jonathan,Jon0899
1621,9565878923,R And R,R A8923
1622,4536625663,Alessandra,Ale5663
1623,8705820577,Christa,Chr0577
1624,6144056260,Cleveland,Cle6260
1625,4098955521,Reshma,Res5521
1626,1290914695,Shahar,Sha4695
1627,0398213080,Megan,Meg3080
1628,7386622584,Hallie,Hal2584
1629,4086042603,Dawn,Daw2603
1630,2531854750,Stephanie,Ste4750
1631,1936481107,Eric,Eri1107
1632,5664642109,Marina,Mar2109
1633,6365372299,Izi,Izi2299
1634,5543638316,Izi,Izi8316
1635,5154442509,Sol,Sol2509
1636,2217132558,Eldad & Paulina,Eld2558
1637,5860995857,Mike,Mik5857
1638,7920382023,Nancy,Nan2023
1639,1323063387,Nicolas,Nic3387
1640,8644311289,Ella,Ell1289
1641,6851319670,Neil & Katie,Nei9670
1642,7569863919,Oly,Oly3919
1643,6150688517,Viva,Viv8517
1644,9457571417,Rachel,Rac1417
1645,4739425896,Stacey,Sta5896
1646,6979528307,Elizabeth,Eli8307
1647,1696815912,Natalie,Nat5912
1648,8752339786,Kjersti,Kje9786
1649,1170370057,Charlotte,Cha0057
1650,5277953237,Page,Pag3237
1651,6616074652,Robert,Rob4652
1652,6037645410,Sophia,Sop5410
1653,2872946956,Kedin,Ked6956
1654,9043903842,Erik,Eri3842
1655,3143174310,Jackson,Jac4310
1656,1198294285,Ellie,Ell4285
1657,2402018491,Corina,Cor8491
1658,2718409042,Nick,Nic9042
1659,8172604209,Jack,Jac4209
1660,4743717024,AimÃ©e,Aim7024
1661,9345451167,Molly,Mol1167
1662,5722219523,Kevin,Kev9523
1663,8097528525,Phil,Phi8525
1664,0924569943,Amber,Amb9943
1665,7661436075,Philippa,Phi6075
1666,3301750566,Emily,Emi0566
1667,9857839769,Cristiana,Cri9769
1668,7099313114,Dana,Dan3114
1669,8242656854,Boris,Bor6854
1670,1169269935,Eric And Aoife,Eri9935
1671,6322701740,Philip,Phi1740
1672,2213518110,Karen,Kar8110
1673,0066039879,Nicole,Nic9879
1674,3430510781,Shaina,Sha0781
1675,0379078188,Mark,Mar8188
1676,0184987967,Petya,Pet7967
1677,2738992016,Enrique,Enr2016
1678,9704829978,Sandra,San9978
1679,5683402425,Oliver,Oli2425
1680,6057313233,Randy,Ran3233
1681,2956602039,Sara,Sar2039
1682,2937225878,Tania,Tan5878
1683,4216907253,Chanelle,Cha7253
1684,1126361805,Jorge,Jor1805
1685,1061761645,Kiovanna,Kio1645
1686,1320121956,Jenni,Jen1956
1687,5169539990,Pasha,Pas9990
1688,0982321728,Joao Lucas,Joa1728
1689,3043927671,Clay,Cla7671
1690,6538584192,Mariko,Mar4192
1691,1370733104,Jenny,Jen3104
1692,8522660537,Anthony,Ant0537
1693,2900445435,Jenny,Jen5435
1694,2366147391,Mariko,Mar7391
1695,8405966749,Sabrina,Sab6749
1696,1581576807,Jenny & Jose,Jen6807
1697,3804843035,Debbie,Deb3035
1698,5051999223,Susan,Sus9223
1699,2301750718,Norman,Nor0718
1700,1007607640,Anna,Ann7640
1701,8206449082,Ana,Ana9082
1702,8486869971,Caitlin,Cai9971
1703,7247848946,Jenna,Jen8946
1704,9840449344,Kyla,Kyl9344
1705,1370929303,Nathaniel,Nat9303
1706,1243791988,Lior,Lio1988
1707,8523289110,Miki & Yacine,Mik9110
1708,7922107986,Amy,Amy7986
1709,5201422164,Sasha,Sas2164
1710,8972581171,Ian,Ian1171
1711,3795985286,Niki,Nik5286
1712,3164271223,Victoria,Vic1223
1713,5121234538,Stephane & Hana,Ste4538
1714,8839214439,William,Wil4439
1715,6145670730,Frank,Fra0730
1716,7454461915,Tauheed,Tau1915
1717,3972596476,Enrique,Enr6476
1718,9808809161,Santiago,San9161
1719,2499079915,Hannah,Han9915
1720,2028187893,Santina,San7893
1721,1616259127,Weiwei,Wei9127
1722,6159953006,Charles,Cha3006
1723,3737203178,Michelle,Mic3178
1724,1507277855,Marie,Mar7855
1725,3281975794,Karl & Catherine,Kar5794
1726,7394204826,Sean,Sea4826
1727,0228186252,Jennifer,Jen6252
1728,4285519427,Nataliya,Nat9427
1729,9874344532,Aziza,Azi4532
1730,6880049186,Keenan & Emily,Kee9186
1731,1557964499,Daniel,Dan4499
1732,4754009284,Vance,Van9284
1733,1686441240,Eddie,Edd1240
1734,0519409059,Peter,Pet9059
1735,1327019283,Libertad,Lib9283
1736,4116553202,Joseph,Jos3202
1737,4449019889,Adela,Ade9889
1738,5706020970,Evelyn,Eve0970
1739,3818448909,Jennifer,Jen8909
1740,3018063447,Massi & Ray,Mas3447
1741,7739021536,Anthony,Ant1536
1742,5436814039,Aswad,Asw4039
1743,9896545780,Nathalie,Nat5780
1744,1911438905,Pam,Pam8905
1745,4609760879,Mark,Mar0879
1746,6733006321,Christian & Carla,Chr6321
1747,9233701309,Wiebke,Wie1309
1748,6081645655,Gina,Gin5655
1749,9352874997,Lauren,Lau4997
1750,7466405704,Alison,Ali5704
1751,5373045303,Mariana,Mar5303
1752,3606131798,Dawn,Daw1798
1753,5181167749,Rita,Rit7749
1754,8858065704,Luis,Lui5704
1755,0459345244,Carl,Car5244
1756,3984608867,Kiersten,Kie8867
1757,5621538697,Adam,Ada8697
1758,7629020666,Tessa,Tes0666
1759,2186021586,Michelle,Mic1586
1760,9970461327,Claudia,Cla1327
1761,5938541660,Meredith,Mer1660
1762,9930756337,Martin,Mar6337
1763,2147627957,Jennifer,Jen7957
1764,5757115560,Cruz,Cru5560
1765,5971828961,Linna,Lin8961
1766,8101704051,Hayley,Hay4051
1767,3733119402,Amir,Ami9402
1768,1210325133,David,Dav5133
1769,0495467955,David,Dav7955
1770,8133659960,Jo,Jo9960
1771,6827772069,Greer,Gre2069
1772,4511213705,Raquel,Raq3705
1773,2443995978,Rachel,Rac5978
1774,3579406368,Stephanie,Ste6368
1775,2957484941,Brian,Bri4941
1776,4359892561,Fran,Fra2561
1777,1261686430,Alexandra,Ale6430
1778,3636688005,D,D8005
1779,0103451580,Mike,Mik1580
1780,4655115895,Doris,Dor5895
1781,5048487263,Suzanne,Suz7263
1782,7894289011,Ms,Ms9011
1783,3156289004,Fred,Fre9004
1784,2704754461,Alex,Ale4461
1785,7979194154,Martin,Mar4154
1786,6908524490,Sarah,Sar4490
1787,1864318959,Mike,Mik8959
1788,8410905697,Ted,Ted5697
1789,8022354595,Nora,Nor4595
1790,5773212247,Tommy,Tom2247
1791,6471431708,Obed,Obe1708
1792,8430394211,Zoe,Zoe4211
1793,4163825981,Stefan,Ste5981
1794,0882125673,Lisel,Lis5673
1795,3883666624,Michelle,Mic6624
1796,4086332666,Adam,Ada2666
1797,1005672434,Arsenio,Ars2434
1798,3875975156,Jenny,Jen5156
1799,9865982689,Sigfus,Sig2689
1800,0095987119,Michael,Mic7119
1801,9326784935,Karen,Kar4935
1802,7894644428,Tiffany,Tif4428
1803,3137540046,Doug,Dou0046
1804,4619343086,Patrick,Pat3086
1805,3829056839,Leah & Reed,Lea6839
1806,7888081590,Timothy,Tim1590
1807,9321420527,Jacqueline & Tyas,Jac0527
1808,5676418172,Jacqueline & Tyas,Jac8172
1809,1062003307,Martina,Mar3307
1810,6842389364,Brandon,Bra9364
1811,5690391397,Suzana,Suz1397
1812,8911207194,Wendee,Wen7194
1813,3693167226,Renee,Ren7226
1814,9133585415,Karen,Kar5415
1815,1476482143,Julia,Jul2143
1816,0047464654,Jhon,Jho4654
1817,9001834870,Luka,Luk4870
1818,1005221334,Said,Sai1334
1819,5097200601,Justin,Jus0601
1820,6172277596,Connie & Michael,Con7596
1821,8682317465,Darren,Dar7465
1822,9019001220,Bryan,Bry1220
1823,0048311369,Jo,Jo1369
1824,3407097305,Debbie,Deb7305
1825,3278179850,Jesse,Jes9850
1826,0067605141,Angelina,Ang5141
1827,7524864280,Jason,Jas4280
1828,6269191508,Obed,Obe1508
1829,1700463114,Valeria,Val3114
1830,2623998167,Peter,Pet8167
1831,3268304752,Jefry,Jef4752
1832,1503062278,Alta,Alt2278
1833,9057882345,Albert,Alb2345
1834,3207427218,Marina,Mar7218
1835,1611394687,Jennifer,Jen4687
1836,7978436704,Alvaro,Alv6704
1837,1224911179,Elise,Eli1179
1838,0563262157,Tristan,Tri2157
1839,7732445581,Ana,Ana5581
1840,1462538872,Annie,Ann8872
1841,8693064149,Melina,Mel4149
1842,6512627387,Shane,Sha7387
1843,1692783569,Celeste,Cel3569
1844,3646955780,Nathalie,Nat5780
1845,2502120906,Ale,Ale0906
1846,0372235986,Ale,Ale5986
1847,2748248256,Christopher,Chr8256
1848,0419727886,Ale,Ale7886
1849,5636281774,Tanjila,Tan1774
1850,2862955450,Ale,Ale5450
1851,0910836449,Jerbean,Jer6449
1852,2534933811,Thomas,Tho3811
1853,7396010575,Autumn,Aut0575
1854,1344879995,LeeAnn,Lee9995
1855,8451592281,Annie,Ann2281
1856,0342813333,Amanda,Ama3333
1857,9790025839,Owen,Owe5839
1858,2812105633,Seema,See5633
1859,0936885490,Arthur,Art5490
1860,9364241940,Ettice,Ett1940
1861,4270936480,Ettice,Ett6480
1862,3186216546,Anja,Anj6546
1863,1751663308,Kamollio,Kam3308
1864,1034899110,Dina,Din9110
1865,5385583846,Jon,Jon3846
1866,4355522294,Francesco,Fra2294
1867,1463780711,Mike,Mik0711
1868,1665003688,Jeff,Jef3688
1869,9533059525,Anna,Ann9525
1870,8749778674,Adrian,Adr8674
1871,4566573721,Kat,Kat3721
1872,4415201888,Keithan,Kei1888
1873,2104270879,Lucy,Luc0879
1874,2900831966,Marie,Mar1966
1875,3593310477,Shahar,Sha0477
1876,7246412288,Monica,Mon2288
1877,8523158418,Ms,Ms8418
1878,1908812307,Kayla,Kay2307
1879,6729987604,Gabe And Jane,Gab7604
1880,6052700083,Jennifer,Jen0083
1881,5515236125,Bob,Bob6125
1882,7034069556,Anna,Ann9556
1883,4236235166,Rebecca,Reb5166
1884,2023957887,Ef,Ef7887
1885,0396481101,Coire,Coi1101
1886,4251572493,Nick,Nic2493
1887,2641324645,Scott,Sco4645
1888,2141619063,Vero,Ver9063
1889,2902775375,O.,O.5375
1890,9806341341,Carol,Car1341
1891,4047211035,Jay,Jay1035
1892,6714309363,Jh,Jh9363
1893,3493062437,Manuel Alberto,Man2437
1894,2005473405,Nia,Nia3405
1895,4218161584,Jared,Jar1584
1896,7543737650,Eileen,Eil7650
1897,9142667777,Casey,Cas7777
1898,7204121771,Antonio,Ant1771
1899,2698686962,Katherine / FranÃ§ois,Kat6962
1900,2480256815,Ronny,Ron6815
1901,5257258083,Laura,Lau8083
1902,4459069572,David,Dav9572
1903,8587193080,Matt,Mat3080
1904,5540716496,Holly,Hol6496
1905,2511771006,Fiona,Fio1006
1906,6942221749,Jeffrey,Jef1749
1907,2284707242,Joanna,Joa7242
1908,8488979933,Todd,Tod9933
1909,3498853083,John,Joh3083
1910,3713910762,Joseph,Jos0762
1911,3986528279,Aaron,Aar8279
1912,4538761123,Andrew,And1123
1913,6368934494,Melanie,Mel4494
1914,1309886945,Pierre  & Amira,Pie6945
1915,8378843795,Lisa,Lis3795
1916,9643671028,Ashley,Ash1028
1917,4739900295,Jason,Jas0295
1918,5963280377,Roman,Rom0377
1919,0597310934,Celeste,Cel0934
1920,8198639079,Stav,Sta9079
1921,6658318318,Alex & Britta,Ale8318
1922,5771360384,Camille,Cam0384
1923,3488631524,Carolyn,Car1524
1924,5774456255,Felix,Fel6255
1925,7316844372,Ian,Ian4372
1926,0668036910,Lewis,Lew6910
1927,4691341890,Ren,Ren1890
1928,5680684249,Clara,Cla4249
1929,8315117031,Pam,Pam7031
1930,8793001067,Luis Alejandro,Lui1067
1931,8390686196,Maddy,Mad6196
1932,3526506996,Jb,Jb6996
1933,0450792725,Dirk,Dir2725
1934,4556966122,Dee,Dee6122
1935,8979210454,Oded,Ode0454
1936,7824310503,Luca,Luc0503
1937,1355789632,Rohit,Roh9632
1938,0200056214,Darragh,Dar6214
1939,2286812369,Gregory,Gre2369
1940,3550585026,Celeste,Cel5026
1941,0835659383,Keturah,Ket9383
1942,5780291149,Celeste,Cel1149
1943,4753874402,Stella,Ste4402
1944,5060158661,Bernard,Ber8661
1945,2647844267,Geraldine,Ger4267
1946,4301555917,Ayana,Aya5917
1947,1677173299,Ceci,Cec3299
1948,4844554445,Taleah,Tal4445
1949,8381952848,Julie,Jul2848
1950,4980454446,Zs,Zs4446
1951,4154783031,Thomas,Tho3031
1952,3083443814,Tara,Tar3814
1953,2777711509,Brendan,Bre1509
1954,0484549869,Mario,Mar9869
1955,5688995674,Julie,Jul5674
1956,5278236606,Tiziana,Tiz6606
1957,2282294671,Ari,Ari4671
1958,2520257434,Ks & Eli,Ks 7434
1959,4481159354,Hannah,Han9354
1960,9432901758,Raymond,Ray1758
1961,8184088322,Sandi,San8322
1962,8595101343,Dominique,Dom1343
1963,1833832138,Eddie,Edd2138
1964,6327275652,Cristian,Cri5652
1965,9351748358,Samuel,Sam8358
1966,8549631530,Sunny,Sun1530
1967,2950551701,Stefan,Ste1701
1968,5768805032,Robert,Rob5032
1969,4485250565,Marina,Mar0565
1970,7099289032,Alicia,Ali9032
1971,7396700707,Peter,Pet0707
1972,5470707453,Karen,Kar7453
1973,6831495920,Sergio,Ser5920
1974,7899251780,Tara,Tar1780
1975,5418581540,Ally,All1540
1976,2347531547,Douglas,Dou1547
1977,4212260721,Erica,Eri0721
1978,7698139650,Aaron,Aar9650
1979,9766746971,Judith,Jud6971
1980,6315859572,James,Jam9572
1981,2490289465,Claire,Cla9465
1982,6537388074,Rachel...You Can Call Me Kaya :),Rac8074
1983,4783914521,Nicole,Nic4521
1984,5247458559,Chandle,Cha8559
1985,8680386117,George,Geo6117
1986,3122942719,Ben,Ben2719
1987,4532489348,O.,O.9348
1988,3292202693,Ines,Ine2693
1989,6844368066,Chiara,Chi8066
1990,6106993238,Ines,Ine3238
1991,3609408523,Seth,Set8523
1992,9418523808,Nick,Nic3808
1993,6931684745,Jessica,Jes4745
1994,5738790295,Clare,Cla0295
1995,5662793333,Amal,Ama3333
1996,1830646840,Carter,Car6840
1997,3333767309,Maria,Mar7309
1998,1185636963,Becky,Bec6963
1999,2947855178,Alvin,Alv5178
2000,4307349026,Joan,Joa9026
2001,6627089541,Michael,Mic9541
2002,3633757282,Marise,Mar7282
2003,3770487254,Vivian,Viv7254
2004,6100909289,Ines,Ine9289
2005,4679509169,Hoonju / Co Host: Jose,Hoo9169
2006,8822712056,Alana,Ala2056
2007,1969409672,Rochelle,Roc9672
2008,3264548944,Jeremy,Jer8944
2009,1374690027,Nikki,Nik0027
2010,2209952927,Jake,Jak2927